[
  {
    "id": "1",
    "task": "Set up the Trello board",
    "assignedTo": "Davesh Yadav",
    "dateAdded": "2025-09-25",
    "difficulty": "Low",
    "hours": 1,
    "status": "Done",
    "notes": ""
  },
  {
    "id": "2",
    "task": "Create the GitHub repository",
    "assignedTo": "Rahul Singh",
    "dateAdded": "2025-09-25",
    "difficulty": "Low",
    "hours": 1,
    "status": "Done",
    "notes": ""
  },
  {
    "id": "3",
    "task": "Build front-end login form (username/password)",
    "assignedTo": "Rahul Singh",
    "dateAdded": "2025-10-07",
    "difficulty": "High",
    "hours": 5,
    "status": "Todo",
    "notes": ""
  },
  {
    "id": "4",
    "task": "Implement mock login authentication logic",
    "assignedTo": "Chandan Shah",
    "dateAdded": "2025-10-10",
    "difficulty": "High",
    "hours": 4,
    "status": "Todo",
    "notes": ""
  }
]